Workbook

Sheet SOV&REPLICA
A1: Policy ID | B1: Country Policy | C1: Region | D1: Country | E1: Policy Holder | F1: Policy Type | G1: Crop Type | H1: Peril | I1: Pool | J1: Policy Years | K1: Premium | L1: Attachment | M1: Exhaustion | N1: Ceding % | O1: Coverage | P1: Claims | Q1: Rate-On-Line | R1: Premium Loading | S1: Expected Loss | T1: Premium Financed by Country | U1: Premium Financed by KFW | V1: Premium Financed by ADRiFi ADF | W1: Premium Financed by ADRiFi MDTF | X1: Premium Financed by US AID | Y1: Premium Financed by START Network | Z1: Premium Financed by WFP | AA1: Premium Financed by SDC | AB1: Premium Financed by FCDO | AC1: Premium Financed by Global Shield | AD1: Premium Financed by UNHCR
A2: 12_DR_BJ_CROP_SOV_NORD | B2: =UPPER([1]Pools!$B399) | C2: WCA | D2: BENIN | E2: Country | F2: SOVEREIGN | G2: CROP | H2: Drought | I2: 12A | J2: 2025/2026 | K2: 339278 | L2: 12384366 | M2: 23349472 | N2: 0.16 | O2: 1754417 | Q2: 0.19338504 | R2: 1.6 | S2: =K2/R2 -> 212048.75 | W2: 339278
A3: 12_DR_BJ_CROP_SOV_SUD | B3: =UPPER([1]Pools!$B400) | C3: WCA | D3: BENIN | E3: Country | F3: SOVEREIGN | G3: CROP | H3: Drought | I3: 12A | J3: 2025/2026 | K3: 470022 | L3: 12970840 | M3: 42734054 | N3: 0.067197044 | O3: 2000000 | P3: 1467765 | Q3: 0.235011 | R3: 1.6 | S3: =K3/R3 -> 293763.75 | W3: 470022
A4: 12_DR_BF_CROP_SOV | B4: =UPPER([1]Pools!$B401) -> POOL XII | C4: WCA | D4: BURKINA FASO | E4: Country | F4: SOVEREIGN | G4: CROP | H4: Drought | I4: 12A | J4: 2025/2026 | K4: 1225493 | L4: 45978150 | M4: 90895230 | N4: 0.14439999 | O4: 6486026 | Q4: 0.18894358 | R4: 1.6 | S4: =K4/R4 -> 765933.12 | T4: 200000 | W4: 500000
A5: 12_DR_BF_CROP_RANGE | B5: =UPPER([1]Pools!$B402) -> BENIN NORD | C5: WCA | D5: BURKINA FASO | E5: Country | F5: SOVEREIGN | G5: RANGELAND | H5: Drought | I5: 12A | J5: 2025/2026 | K5: 174507 | L5: 21182555 | M5: 43373688 | N5: 0.033797283 | O5: 750000 | Q5: 0.232676 | R5: 1.6 | S5: =K5/R5 -> 109066.88 | T5: 200000 | W5: 500000
A6: 12_DR_CI_CROP_SOV_CENTRE | B6: =UPPER([1]Pools!$B403) -> BENIN SUD PETITE | C6: WCA | D6: CÔTE D'IVOIRE | E6: Country | F6: SOVEREIGN | G6: CROP | H6: Drought | I6: 12A | J6: 2025/2026 | K6: 750000 | L6: 4675200 | M6: 28495743 | N6: 0.16999999 | O6: 4049492 | Q6: 0.18520842 | R6: 1.6 | S6: =K6/R6 -> 468750 | T6: 750000
A7: 12_DR_CI_CROP_SOV_NORD | B7: =UPPER([1]Pools!$B404) -> BURKINA FASO CROP | C7: WCA | D7: CÔTE D'IVOIRE | E7: Country | F7: SOVEREIGN | G7: CROP | H7: Drought | I7: 12A | J7: 2025/2026 | K7: 750000 | L7: 7515075 | M7: 41918371 | N7: 0.125 | O7: 4300412 | P7: 435203 | Q7: 0.17440189 | R7: 1.6 | S7: =K7/R7 -> 468750 | T7: 750000
A8: 12_DR_GH_CROP_SOV_NORTH | B8: =UPPER([1]Pools!$B405) -> BURKINA FASO RANGELAND | C8: WCA | D8: GHANA | E8: Country | F8: SOVEREIGN | G8: CROP | H8: Drought | I8: 12A | J8: 2025/2026 | K8: 650000 | L8: 5384400 | M8: 40147240 | N8: 0.090884425 | O8: 3159400.7 | P8: 1100072.3 | Q8: 0.20573522 | R8: 1.6 | S8: =K8/R8 -> 406250 | U8: 400000 | AC8: 250000
A9: 12_DR_GH_CROP_SOV_SOUTH | B9: =UPPER([1]Pools!$B406) -> CÔTE D'IVOIRE CENTRE | C9: WCA | D9: GHANA | E9: Country | F9: SOVEREIGN | G9: CROP | H9: Drought | I9: 12A | J9: 2025/2026 | K9: 650000 | L9: 12386420 | M9: 21090000 | N9: 0.27779339 | O9: 2417797 | Q9: 0.26883977 | R9: 1.6 | S9: =K9/R9 -> 406250 | U9: 400000 | AC9: 250000
A10: 12_DR_ML_CROP_SOV | B10: =UPPER([1]Pools!$B407) -> CÔTE D'IVOIRE NORD | C10: WCA | D10: MALI | E10: Country | F10: SOVEREIGN | G10: CROP | H10: Drought | I10: 12A | J10: 2025/2026 | K10: 1500000 | L10: 31126675 | M10: 61513361 | N10: 0.26611155 | O10: 8086248 | Q10: 0.18550012 | R10: 1.6 | S10: =K10/R10 -> 937500 | U10: 500000 | V10: 1000000
A11: 12_DR_MR_CROP_SOV_NORD | B11: =UPPER([1]Pools!$B408) -> GHANA NORTH | C11: WCA | D11: MAURITANIA | E11: Country | F11: SOVEREIGN | G11: CROP | H11: Drought | I11: 12A | J11: 2025/2026 | K11: 500000 | L11: 7382544 | M11: 23077459 | N11: 0.1475 | O11: 2315000 | Q11: 0.21598272 | R11: 1.6 | S11: =K11/R11 -> 312500 | T11: 375000 | U11: 375000
A12: 12_DR_MR_CROP_SOV_SUD | B12: =UPPER([1]Pools!$B409) -> GHANA SOUTH SHORT-RAINS | C12: WCA | D12: MAURITANIA | E12: Country | F12: SOVEREIGN | G12: CROP | H12: Drought | I12: 12A | J12: 2025/2026 | K12: 1000000 | L12: 8558616 | M12: 24431580 | N12: 0.30699011 | O12: 4872843 | Q12: 0.20521901 | R12: 1.6 | S12: =K12/R12 -> 625000 | T12: 375000 | U12: 375000
A13: 12_DR_NE_CROP_SOV | B13: =UPPER([1]Pools!$B410) -> MALI CROP | C13: WCA | D13: NIGER | E13: Country | F13: SOVEREIGN | G13: CROP | H13: Drought | I13: 12A | J13: 2025/2026 | K13: 330708 | L13: 169310640 | M13: 556423020 | N13: 0.0069395456 | O13: 2686384 | Q13: 0.12310526 | R13: 1.6 | S13: =K13/R13 -> 206692.5 | U13: 65804.5 | V13: 300000
A14: 12_DR_NE_RANGE_SOV | B14: =UPPER([1]Pools!$B411) -> MAURITANIA NORD CROP | C14: WCA | D14: NIGER | E14: Country | F14: SOVEREIGN | G14: CROP | H14: Drought | I14: 12A | J14: 2025/2026 | K14: 400902 | L14: 9223063 | M14: 24037984 | N14: 0.12088637 | O14: 1790922 | Q14: 0.2238523 | R14: 1.6 | S14: =K14/R14 -> 250563.75 | U14: 65804.5 | V14: 300000
A15: 12_DR_SN_CROP_REP_START | B15: =UPPER([1]Pools!$B412) -> MAURITANIA SUD CROP | C15: WCA | D15: SENEGAL | E15: START Network | F15: REPLICA | G15: CROP | H15: Drought | I15: 12A | J15: 2025/2026 | K15: 1050000 | L15: 18097063 | M15: 40566400 | N15: 0.22603715 | O15: 5078905 | Q15: 0.20673748 | R15: 1.6 | S15: =K15/R15 -> 656250 | Y15: 1050000
A16: 12_DR_ML_CROP_REP_UNHCR | B16: =UPPER([1]Pools!$B413) -> NIGER CROP | C16: WCA | D16: MALI | E16: UNHCR | F16: REPLICA | G16: CROP | H16: Drought | I16: 12A | J16: 2025/2026 | K16: 500000 | L16: 31126675 | M16: 61513362 | N16: 0.088703846 | O16: 2695416 | Q16: 0.18550012 | R16: 1.6 | S16: =K16/R16 -> 312500 | U16: 500000
A17: 12_DR_BF_CROP_REP_WFP | B17: =UPPER([1]Pools!$B414) -> NIGER RANGELAND | C17: WCA | D17: BURKINA FASO | E17: WFP | F17: REPLICA | G17: CROP | H17: Drought | I17: 12A | J17: 2025/2026 | K17: 500000 | L17: 45978150 | M17: 104949339 | N17: 0.0508723 | O17: 3000000 | Q17: 0.16666667 | R17: 1.6 | S17: =K17/R17 -> 312500 | U17: 500000
A18: 12_DR_ML_CROP_REP_WFP | B18: =UPPER([1]Pools!$B415) -> REPLICA START SENEGAL CROP | C18: WCA | D18: MALI | E18: WFP | F18: REPLICA | G18: CROP | H18: Drought | I18: 12A | J18: 2025/2026 | K18: 1000000 | L18: 31126675 | M18: 61513361 | N18: 0.1774077 | O18: 5390832 | Q18: 0.18550012 | R18: 1.6 | S18: =K18/R18 -> 625000 | U18: 1000000
A19: 12_DR_MR_RANGE_REP_WFP | B19: =UPPER([1]Pools!$B416) -> REPLICA UNHCR MALI CROP | C19: WCA | D19: MAURITANIA | E19: WFP | F19: REPLICA | G19: RANGELAND | H19: Drought | I19: 12A | J19: 2025/2026 | K19: 500000 | L19: 31893000 | M19: 38422440 | N19: 0.35667071 | O19: 2328860 | Q19: 0.21469732 | R19: 1.6 | S19: =K19/R19 -> 312500 | Z19: 500000
A20: 12_DR_SD_RANGE_REP_WFP | B20: =UPPER([1]Pools!$B417) -> REPLICA WFP BURKINA FASO CROP | C20: WCA | D20: SUDAN | E20: WFP | F20: REPLICA | G20: CROP | H20: Drought | I20: 12A | J20: 2025/2026 | K20: 150000 | L20: 60775827 | M20: 154893331 | N20: 0.0079316383 | O20: 746506 | Q20: 0.20093609 | R20: 1.6 | S20: =K20/R20 -> 93750 | U20: 150000
A21: 12_DR_GM_CROP_REP_WFP | B21: =UPPER([1]Pools!$B418) -> REPLICA WFP MALI CROP | C21: WCA | D21: GAMBIA | E21: WFP | F21: REPLICA | G21: CROP | H21: Drought | I21: 12A | J21: 2025/2026 | K21: 400000 | L21: 1579696 | M21: 17910805 | N21: 0.11825523 | O21: 1931239 | Q21: 0.20712092 | R21: 1.6 | S21: =K21/R21 -> 250000 | Z21: 400000
A22: 12_DR_SN_CROP_SOV | B22: =UPPER([1]Pools!$B419) -> REPLICA WFP MAURITANIA RANGELAND | C22: WCA | D22: SENEGAL | E22: Country | F22: SOVEREIGN | G22: CROP | H22: Drought | I22: 12A | J22: 2025/2026 | K22: 2000000 | L22: 18097063 | M22: 40566400 | N22: 0.43054693 | O22: 9674104 | Q22: 0.20673749 | R22: 1.6 | S22: =K22/R22 -> 1250000 | AC22: 2000000
A23: 12_DR_SM_CROP_SOV_GU | B23: =UPPER([1]Pools!$B420) -> REPLICA WFP SUDAN CROP | C23: ESA | D23: SOMALIA | E23: Country | F23: SOVEREIGN | G23: CROP | H23: Drought | I23: 12A | J23: 2025/2026 | K23: 350000 | L23: 105379358 | M23: 171562206 | N23: 0.025314384 | O23: 1675378 | P23: 0 | Q23: 0.20890808 | R23: 1.6 | S23: =K23/R23 -> 218750 | W23: 350000
A24: 12_DR_SM_RANGE_SOV_GU | B24: =UPPER([1]Pools!$B421) -> REPLICA WFP THE GAMBIA | C24: ESA | D24: SOMALIA | E24: Country | F24: SOVEREIGN | G24: RANGELAND | H24: Drought | I24: 12A | J24: 2025/2026 | K24: 150000 | L24: 246604871 | M24: 405066483 | N24: 0.0026431954 | O24: 418845 | P24: 0 | Q24: 0.35812771 | R24: 1.6 | S24: =K24/R24 -> 93750 | W24: 150000
A25: 12_DR_GM_CROP_SOV | B25: =UPPER([1]Pools!$B422) -> SENEGAL CROP | C25: WCA | D25: GAMBIA | E25: Country | F25: SOVEREIGN | G25: CROP | H25: Drought | I25: 12A | J25: 2025/2026 | K25: 500000 | L25: 1579696 | M25: 17910805 | N25: 0.14781905 | O25: 2414049 | Q25: 0.2071209 | R25: 1.6 | S25: =K25/R25 -> 312500 | AC25: 500000
A26: 12_DR_TG_CROP_SOV_NORD | B26: =UPPER([1]Pools!$B423) -> SOMALIA GU CROP | C26: WCA | D26: TOGO | E26: Country | F26: SOVEREIGN | G26: CROP | H26: Drought | I26: 12A | J26: 2025/2026 | K26: 650000 | L26: 8991702 | M26: 20855081 | N26: 0.265523 | O26: 3150000 | Q26: 0.20634921 | R26: 1.6 | S26: =K26/R26 -> 406250 | T26: 500000
A27: 12_DR_TG_CROP_SOV_SUD | B27: =UPPER([1]Pools!$B424) -> SOMALIA GU RANGELAND | C27: WCA | D27: TOGO | E27: Country | F27: SOVEREIGN | G27: CROP | H27: Drought | I27: 12A | J27: 2025/2026 | K27: 350000 | L27: 10563129 | M27: 18982327 | N27: 0.1452573 | O27: 1222950 | Q27: 0.28619322 | R27: 1.6 | S27: =K27/R27 -> 218750 | V27: 500000
A28: 12_DR_MG_SOV | B28: MADAGASCAR CROP | C28: ESA | D28: MADAGASCAR | E28: Country | F28: SOVEREIGN | G28: CROP | H28: Drought | I28: 12B | J28: 2025/2026 | K28: 500000 | L28: 33676620 | M28: 109592190 | N28: 0.032900234 | O28: 2497640 | Q28: 0.20018898 | R28: 1.6 | S28: =K28/R28 -> 312500 | T28: 250000 | V28: 250000 | W28: 400000
A29: 12_DR_SM_RANGE_SOV_DEYR | B29: SOMALIA DEYR RANGELAND | C29: ESA | D29: SOMALIA | E29: Country | F29: SOVEREIGN | G29: RANGELAND | H29: Drought | I29: 12B | J29: 2025/2026 | K29: 400000 | L29: 118269405 | M29: 412366455 | N29: 0.005217679 | O29: 1534504 | P29: 464257 | Q29: 0.26067055 | R29: 1.6 | S29: =K29/R29 -> 250000 | W29: 1600000
A30: 12_DR_SM_CROP_SOV_DEYR | B30: SOMALIA DEYR CROP | C30: ESA | D30: SOMALIA | E30: Country | F30: SOVEREIGN | G30: CROP | H30: Drought | I30: 12B | J30: 2025/2026 | K30: 1600000 | L30: 118693485 | M30: 187454835 | N30: 0.081427473 | O30: 5599063 | P30: 2974997.1 | Q30: 0.2857621 | R30: 1.6 | S30: =K30/R30 -> 1000000
A31: 12_DR_SM_RANGE_REP_DEYR_START | B31: REPLICA START SOMALIA DEYR RANGELAND | C31: ESA | D31: SOMALIA | E31: START Network | F31: REPLICA | G31: RANGELAND | H31: Drought | I31: 12B | J31: 2025/2026 | K31: 150000 | L31: 148720815 | M31: 412366455 | N31: 0.0024229947 | O31: 638812 | P31: 141808.98 | Q31: 0.23481087 | R31: 1.6 | S31: =K31/R31 -> 93750 | Y31: 150000
A32: 12_DR_SM_CROP_REP_DEYR_START | B32: REPLICA START SOMALIA DEYR CROP | C32: ESA | D32: SOMALIA | E32: START Network | F32: REPLICA | G32: CROP | H32: Drought | I32: 12B | J32: 2025/2026 | K32: 600000 | L32: 134303508 | M32: 187454835 | N32: 0.049623145 | O32: 2637536 | P32: 1038390.2 | Q32: 0.22748505 | R32: 1.6 | S32: =K32/R32 -> 375000 | Y32: 600000
A33: 12_DR_SM_CROP_REP_DEYR_WFP | B33: REPLICA WFP SOMALIA DEYR CROP | C33: ESA | D33: SOMALIA | E33: WFP | F33: REPLICA | G33: CROP | H33: Drought | I33: 12B | J33: 2025/2026 | K33: 500000 | L33: 134303508 | M33: 187454835 | N33: 0.041352627 | O33: 2197947 | P33: 865325.31 | Q33: 0.22748501 | R33: 1.6 | S33: =K33/R33 -> 312500 | Z33: 500000
A34: 12_TC_KM_SOV | B34: COMOROS TROPICAL CYCLONE | C34: ESA | D34: COMOROS | E34: Country | F34: SOVEREIGN | G34: TROPICAL CYCLONE | H34: Tropical Cyclone | I34: 12B | J34: 2025/2026 | K34: 500000 | L34: 15024468 | M34: 22870964 | N34: 0.69999997 | O34: 5492547 | Q34: =K34/O34 -> 0.091032448 | R34: 1.65 | S34: =K34/R34 -> 303030.3 | W34: 500000
A35: 12_FL_MG_SOV | C35: ESA | D35: MADAGASCAR | E35: Country | F35: SOVEREIGN | G35: FLOOD | H35: Flood | I35: 12B | J35: 2025/2026 | K35: 1000000 | L35: 70768195 | M35: 123012850 | N35: =O35/(M35-L35) -> 0.14546943 | O35: 7600000 | P35: 0 | Q35: =K35/O35 -> 0.13157895 | R35: 1.65 | S35: =K35/R35 -> 606060.61
A36: 12_TC_MG_SOV | B36: MADAGASCAR | C36: ESA | D36: MADAGASCAR | E36: Country | F36: SOVEREIGN | G36: TROPICAL CYCLONE | H36: Tropical Cyclone | I36: 12B | J36: 2025/2026 | K36: 1800000 | L36: 189499656 | M36: 3549195735 | N36: 0.0026788137 | O36: 9000000 | P36: 5641984.2 | Q36: 0.2 | R36: 1.65 | S36: =K36/R36 -> 1090909.1 | W36: 1800000
A37: 12_TC_MG_REP_START | B37: REPLICA START MADAGASCAR | C37: ESA | D37: MADAGASCAR | E37: START Network | F37: REPLICA | G37: TROPICAL CYCLONE | H37: Tropical Cyclone | I37: 12B | J37: 2025/2026 | K37: 500000 | L37: 189499656 | M37: 2647864330 | N37: 0.0014237107 | O37: 3500000 | P37: 2998548.6 | Q37: 0.14285714 | R37: 1.65 | S37: 303030.3 | Y37: 500000
A38: 12_TC_MG_REP_WFP | B38: REPLICA WFP MADAGASCAR | C38: ESA | D38: MADAGASCAR | E38: WFP | F38: REPLICA | G38: TROPICAL CYCLONE | H38: Tropical Cyclone | I38: 12B | J38: 2025/2026 | K38: 250000 | L38: 282296200 | M38: 6308379185 | N38: 0.00041486319 | O38: 2500000 | P38: 796768.47 | Q38: 0.1 | R38: 1.65 | S38: 151515.15 | Z38: 250000
A39: 12_TC_MZ_REP_WFP | B39: REPLICA WFP MOZAMBIQUE | C39: ESA | D39: MOZAMBIQUE | E39: WFP | F39: REPLICA | G39: TROPICAL CYCLONE | H39: Tropical Cyclone | I39: 12B | J39: 2025/2026 | K39: 376000 | L39: 274280408 | M39: 554906120 | N39: 0.01052524 | O39: 2953653 | Q39: 0.12729999 | R39: 1.65 | S39: 227878.79 | Z39: 376000
A40: 12_DR_MZ_Z1_REP_WFP | B40: REPLICA WFP MOZAMBIQUE | C40: ESA | D40: MOZAMBIQUE | E40: WFP | F40: REPLICA | G40: CROP | H40: Drought | I40: 12B | J40: 2025/2026 | K40: 250000 | L40: 15202530 | M40: 20026304 | N40: 0.21139133 | O40: 1019704 | Q40: 0.24516919 | R40: 1.6 | S40: 156250 | Z40: 250000
A41: 12_DR_MG_REP_WFP | B41: REPLICA WFP MADAGASCAR | C41: ESA | D41: MADAGASCAR | E41: WFP | F41: REPLICA | G41: CROP | H41: Drought | I41: 12B | J41: 2025/2026 | K41: 250000 | L41: 49841070 | M41: 109592191 | N41: 0.027586144 | O41: 1648303 | Q41: 0.15167114 | R41: 1.6 | S41: 156250 | Z41: 250000
A42: 12_DR_ZM_REP_WFP | B42: REPLICA WFP ZAMBIA | C42: ESA | D42: ZAMBIA | E42: WFP | F42: REPLICA | G42: CROP | H42: Drought | I42: 12B | J42: 2025/2026 | K42: 250000 | L42: 51441472 | M42: 160551400 | N42: 0.019750421 | O42: 2154967 | Q42: 0.11601106 | R42: 1.6 | S42: 156250 | Z42: 250000
A43: 12_DR_MW_CENTRAL_SOV | B43: MALAWI CENTRAL | C43: ESA | D43: MALAWI | E43: Country | F43: SOVEREIGN | G43: CROP | H43: Drought | I43: 12B | J43: 2025/2026 | K43: 450000 | L43: 67270140 | M43: 159946836 | N43: 0.017656165 | O43: 1636315 | Q43: 0.27500817 | R43: 1.6 | S43: 281250 | W43: 450000
A44: 12_DR_MW_LOWERSHIRE_SOV | B44: MALAWI LOWERSHIRE | C44: ESA | D44: MALAWI | E44: Country | F44: SOVEREIGN | G44: CROP | H44: Drought | I44: 12B | J44: 2025/2026 | K44: 1200000 | L44: 13006613 | M44: 19694850 | N44: 0.45327341 | O44: 3031600 | Q44: 0.39583058 | R44: 1.6 | S44: 750000 | V44: 1000000 | W44: 200000
A45: 12_DR_MW_NORTHERN_SOV | B45: MALAWI NORTHERN | C45: ESA | D45: MALAWI | E45: Country | F45: SOVEREIGN | G45: CROP | H45: Drought | I45: 12B | J45: 2025/2026 | K45: 450000 | L45: 2064783 | M45: 14215026 | N45: 0.13935697 | O45: 1693221 | Q45: 0.26576566 | R45: 1.6 | S45: 281250 | W45: 450000
A46: 12_DR_MW_SOUTHERN_SOV | B46: MALAWI SOUTHERN | C46: ESA | D46: MALAWI | E46: Country | F46: SOVEREIGN | G46: CROP | H46: Drought | I46: 12B | J46: 2025/2026 | K46: 900000 | L46: 62274062 | M46: 129679746 | N46: 0.040622895 | O46: 2738214 | Q46: 0.3286814 | R46: 1.6 | S46: 562500 | W46: 900000
A47: 12_DR_ZW_Z1&Z2_SOV | B47: ZIMBABWE Z1&Z2 | C47: ESA | D47: ZIMBABWE | E47: Country | F47: SOVEREIGN | G47: CROP | H47: Drought | I47: 12B | J47: 2025/2026 | K47: 700000 | L47: 27877880 | M47: 60965360 | N47: 0.10436519 | O47: 3453181 | Q47: 0.20271164 | R47: 1.6 | S47: 437500 | T47: 600000 | W47: 100000
A48: 12_DR_ZW_Z3_SOV | B48: ZIMBABWE Z3 | C48: ESA | D48: ZIMBABWE | E48: Country | F48: SOVEREIGN | G48: CROP | H48: Drought | I48: 12B | J48: 2025/2026 | K48: 560000 | L48: 26506888 | M48: 40719480 | N48: 0.2081049 | O48: 2957710 | Q48: 0.18933567 | R48: 1.6 | S48: 350000 | W48: 580000
A49: 12_DR_ZW_Z4_SOV | B49: ZIMBABWE Z4 | C49: ESA | D49: ZIMBABWE | E49: Country | F49: SOVEREIGN | G49: CROP | H49: Drought | I49: 12B | J49: 2025/2026 | K49: 1120000 | L49: 48446760 | M49: 72860800 | N49: 0.25605488 | O49: 6251334 | Q49: 0.17916176 | R49: 1.6 | S49: 700000 | W49: 500000 | AA49: 600001
A50: 12_DR_ZW_Z5_SOV | B50: ZIMBABWE Z5 | C50: ESA | D50: ZIMBABWE | E50: Country | F50: SOVEREIGN | G50: CROP | H50: Drought | I50: 12B | J50: 2025/2026 | K50: 420000 | L50: 42390160 | M50: 58721280 | N50: 0.13873127 | O50: 2265637 | Q50: 0.18537833 | R50: 1.6 | S50: 262500 | W50: 420000
A51: 12_DR_ZW_Z4_REP | B51: REPLICA WFP ZIMBABWE Z4 | C51: ESA | D51: ZIMBABWE | E51: WFP | F51: REPLICA | G51: CROP | H51: Drought | I51: 12B | J51: 2025/2026 | K51: 275000 | L51: 48446760 | M51: 72860800 | N51: 0.062870627 | O51: 1534926 | Q51: 0.17916173 | R51: 1.6 | S51: 171875 | Z51: 275000
A52: 12_DR_ZW_Z5_REP | B52: REPLICA WFP ZIMBABWE Z5 | C52: ESA | D52: ZIMBABWE | E52: WFP | F52: REPLICA | G52: CROP | H52: Drought | I52: 12B | J52: 2025/2026 | K52: 225000 | L52: 42390160 | M52: 58721280 | N52: 0.074320316 | O52: 1213734 | Q52: 0.18537834 | R52: 1.6 | S52: 140625 | Z52: 225000
A53: 12_DR_ZM_SOV | B53: ZAMBIA | C53: ESA | D53: ZAMBIA | E53: Country | F53: SOVEREIGN | G53: CROP | H53: Drought | I53: 12B | J53: 2025/2026 | K53: 2000000 | L53: 51441472 | M53: 160551400 | N53: 0.15800339 | O53: 17239739 | Q53: 0.11601104 | R53: 1.6 | S53: 1250000 | T53: 1000000 | W53: 1000000
A54: 12_DR_ZM_AI_SOV | B54: ZAMBIA AI | C54: ESA | D54: ZAMBIA | E54: Country | F54: SOVEREIGN | G54: CROP | H54: Drought | I54: 12B | J54: 2025/2026 | K54: 250000 | L54: 35841271 | M54: 76151474 | N54: 0.043023847 | O54: 1734300 | Q54: 0.14415038 | R54: 1.6 | S54: 156250 | W54: 250000
A55: 12_DR_MZ_Z1_SOV | B55: MOZAMBIQUE Z1 | C55: ESA | D55: MOZAMBIQUE | E55: Country | F55: SOVEREIGN | G55: CROP | H55: Drought | I55: 12B | J55: 2025/2026 | K55: 400000 | L55: 13682278 | M55: 20026304 | N55: 0.22318241 | O55: 1415875 | Q55: 0.28251081 | R55: 1.6 | S55: 250000 | W55: 400000
A56: 12_DR_MZ_Z2_SOV | B56: MOZAMBIQUE Z2 | C56: ESA | D56: MOZAMBIQUE | E56: Country | F56: SOVEREIGN | G56: CROP | H56: Drought | I56: 12B | J56: 2025/2026 | K56: 100000 | L56: 22890244 | M56: 33026236 | N56: 0.03133418 | O56: 317603 | Q56: 0.31485849 | R56: 1.6 | S56: 62500 | W56: 100000
A57: 12_DR_MZ_Z3_SOV | B57: MOZAMBIQUE Z3 | C57: ESA | D57: MOZAMBIQUE | E57: Country | F57: SOVEREIGN | G57: CROP | H57: Drought | I57: 12B | J57: 2025/2026 | K57: 800000 | L57: 7331833 | M57: 31678960 | N57: 0.14311179 | O57: 3484361 | Q57: 0.22959734 | R57: 1.6 | S57: 500000 | W57: 800000
A58: 12_DR_MZ_Z4_SOV | B58: MOZAMBIQUE Z4 | C58: ESA | D58: MOZAMBIQUE | E58: Country | F58: SOVEREIGN | G58: CROP | H58: Drought | I58: 12B | J58: 2025/2026 | K58: 700000 | L58: 35296722 | M58: 91872811 | N58: 0.052350862 | O58: 2961807 | Q58: 0.23634221 | R58: 1.6 | S58: 437500 | W58: 700000
A59: 12_DR_LS_RANGE_SOV | B59: LESOTHO RANGELAND | C59: ESA | D59: LESOTHO | E59: Country | F59: SOVEREIGN | G59: RANGELAND | H59: Drought | I59: 12B | J59: 2025/2026 | K59: 300000 | L59: 2271823 | M59: 23243997 | N59: 0.084905218 | O59: 1780647 | Q59: 0.16847809 | R59: 1.6 | S59: 187500 | T59: 300000
A60: 12_DR_LS_CROP_SOV | B60: LESOTHO CROP | C60: ESA | D60: LESOTHO | E60: Country | F60: SOVEREIGN | G60: CROP | H60: Drought | I60: 12B | J60: 2025/2026 | K60: 700000 | L60: 5676244 | M60: 26252730 | N60: 0.097230207 | O60: 2000656 | Q60: 0.34988524 | R60: 1.6 | S60: 437500 | T60: 700000
A61: 11_DR_CI_CROP_SOV_CENTRE | B61: CÔTE D'IVOIRE CENTRE | C61: WCA | D61: CÔTE D'IVOIRE | E61: Country | F61: SOVEREIGN | G61: CROP | H61: Drought | I61: 11A | J61: 2024/2025 | K61: 318812 | L61: 2049075 | M61: 32574506 | N61: 0.0706 | O61: 2155095 | P61: 863559.79 | Q61: 0.14793408 | R61: 1.43 | S61: 222945.45 | T61: 318812 | U61: 0 | V61: 0 | W61: 0 | X61: 0 | Y61: 0 | Z61: 0 | AA61: 0 | AB61: 0 | AC61: 0 | AD61: 0
A62: 11_DR_BF_CROP_REP_WFP | B62: BURKINA FASO CROP REPLICA WFP | C62: WCA | D62: BURKINA FASO | E62: WFP | F62: REPLICA | G62: CROP | H62: Drought | I62: 11A | J62: 2024/2025 | K62: 1000000 | L62: 43949120 | M62: 82110317 | N62: 0.16675601 | O62: 6363609 | Q62: 0.15714353 | R62: 1.43 | S62: 699300.7 | T62: 0 | U62: 717000 | V62: 0 | W62: 0 | X62: 0 | Y62: 0 | Z62: 283000 | AA62: 0 | AB62: 0 | AC62: 0 | AD62: 0
A63: 11_DR_ML_CROP_REP_WFP | B63: MALI CROP REPLICA WFP | C63: WCA | D63: MALI | E63: WFP | F63: REPLICA | G63: CROP | H63: Drought | I63: 11A | J63: 2024/2025 | K63: 2000000 | L63: 31766858 | M63: 59405394 | N63: 0.39094668 | O63: 10805194 | Q63: 0.18509617 | R63: 1.43 | S63: 1398601.4 | T63: 0 | U63: 1282000 | V63: 0 | W63: 0 | X63: 0 | Y63: 0 | Z63: 718000 | AA63: 0 | AB63: 0 | AC63: 0 | AD63: 0
A64: 11_DR_MR_RANGE_REP_WFP | B64: MAURITANIA RANGELAND REPLICA WFP | C64: WCA | D64: MAURITANIA | E64: WFP | F64: REPLICA | G64: RANGELAND | H64: Drought | I64: 11A | J64: 2024/2025 | K64: 1000000 | L64: 30568440 | M64: 39470702 | N64: 0.53888551 | O64: 4797300 | Q64: 0.20845059 | R64: 1.43 | S64: 699300.7 | T64: 0 | U64: 500000 | V64: 0 | W64: 0 | X64: 0 | Y64: 0 | Z64: 500000 | AA64: 0 | AB64: 0 | AC64: 0 | AD64: 0
A65: 11_DR_SD_RANGE_REP_WFP | B65: SUDAN RANGELAND REPLICA WFP | C65: ESA | D65: SUDAN | E65: WFP | F65: REPLICA | G65: RANGELAND | H65: Drought | I65: 11A | J65: 2024/2025 | K65: 1000000 | L65: 24190908 | M65: 61808462 | N65: 0.12353889 | O65: 4647231 | Q65: 0.2151819 | R65: 1.43 | S65: 699300.7 | T65: 0 | U65: 500000 | V65: 0 | W65: 0 | X65: 0 | Y65: 0 | Z65: 500000 | AA65: 0 | AB65: 0 | AC65: 0 | AD65: 0
A66: 11_DR_GM_CROP_REP_WFP | B66: GAMBIA CROP REPLICA WFP | C66: WCA | D66: GAMBIA | E66: WFP | F66: REPLICA | G66: CROP | H66: Drought | I66: 11A | J66: 2024/2025 | K66: 400000 | L66: 9468653 | M66: 16737302 | N66: 0.31998395 | O66: 2325851 | Q66: 0.17198006 | R66: 1.43 | S66: 279720.28 | T66: 0 | U66: 0 | V66: 0 | W66: 0 | X66: 0 | Y66: 0 | Z66: 400000 | AA66: 0 | AB66: 0 | AC66: 0 | AD66: 0
A67: 11_DR_ML_CROP_REP_UNHCR | B67: MALI CROP REPLICA UNHCR | C67: WCA | D67: MALI | E67: UNHCR | F67: REPLICA | G67: CROP | H67: Drought | I67: 11A | J67: 2024/2025 | K67: 500000 | L67: 27312780 | M67: 61501617 | N67: 0.07180955 | O67: 2455085 | Q67: 0.20365894 | R67: 1.43 | S67: 349650.35 | T67: 0 | U67: 500000 | V67: 0 | W67: 0 | X67: 0 | Y67: 0 | Z67: 0 | AA67: 0 | AB67: 0 | AC67: 0 | AD67: 0
A68: 11_DR_GH_CROP_SOV_NORTH | B68: GHANA NORTHERN CLUSTER | C68: WCA | D68: GHANA | E68: Country | F68: SOVEREIGN | G68: CROP | H68: Drought | I68: 11A | J68: 2024/2025 | K68: 500000.11 | L68: 4336800 | M68: 40090610 | N68: 0.0853 | O68: 3049800 | P68: 960201.63 | Q68: 0.16394521 | R68: 1.43 | S68: 349650.43 | T68: 0 | U68: 400000 | V68: 0 | W68: 0 | X68: 0 | Y68: 0 | Z68: 0 | AA68: 0 | AB68: 0 | AC68: 100000 | AD68: 0
A69: 11_DR_GH_CROP_SOV_SOUTH | B69: GHANA SHORT RAINS CLUSTER | C69: WCA | D69: GHANA | E69: Country | F69: SOVEREIGN | G69: CROP | H69: Drought | I69: 11A | J69: 2024/2025 | K69: 500000.03 | L69: 13071780 | M69: 21006222 | N69: 0.3098 | O69: 2458090 | P69: 1927334 | Q69: 0.20340998 | R69: 1.43 | S69: 349650.37 | T69: 0 | U69: 400000 | V69: 0 | W69: 0 | X69: 0 | Y69: 0 | Z69: 0 | AA69: 0 | AB69: 0 | AC69: 100000 | AD69: 0
A70: 11_DR_TG_CROP_SOV_NORD | B70: TOGO NORD | C70: WCA | D70: TOGO | E70: Country | F70: SOVEREIGN | G70: CROP | H70: Drought | I70: 11A | J70: 2024/2025 | K70: 437633 | L70: 20332044 | M70: 26486402 | N70: 0.285 | O70: 1753992 | Q70: 0.24950684 | R70: 1.43 | S70: 306037.06 | T70: 163180.25 | U70: 0 | V70: 0 | W70: 163180.25 | X70: 0 | Y70: 0 | Z70: 0 | AA70: 0 | AB70: 0 | AC70: 0 | AD70: 0
A71: 11_DR_TG_CROP_SOV_SUD | B71: TOGO SUD PETITE | C71: WCA | D71: TOGO | E71: Country | F71: SOVEREIGN | G71: CROP | H71: Drought | I71: 11A | J71: 2024/2025 | K71: 215088 | L71: 23637240 | M71: 30816669 | N71: 0.10499999 | O71: 753840 | Q71: 0.28532315 | R71: 1.43 | S71: 150411.19 | T71: 163180.25 | U71: 0 | V71: 0 | W71: 163180.25 | X71: 0 | Y71: 0 | Z71: 0 | AA71: 0 | AB71: 0 | AC71: 0 | AD71: 0
A72: 11_DR_BJ_CROP_SOV_SUD | B72: BENIN SUD PETITE CROP | C72: WCA | D72: BENIN | E72: Country | F72: SOVEREIGN | G72: CROP | H72: Drought | I72: 11A | J72: 2024/2025 | K72: 1000000 | L72: 9006793 | M72: 35984976 | N72: 0.1815514 | O72: 4897927 | Q72: 0.20416801 | R72: 1.43 | S72: 699300.7 | T72: 0 | U72: 0 | V72: 0 | W72: 1000000 | X72: 0 | Y72: 0 | Z72: 0 | AA72: 0 | AB72: 0 | AC72: 0 | AD72: 0
A73: 11_DR_SO_CROP_GOV_DEYR | B73: SOMALIA DEYR CROP | C73: ESA | D73: SOMALIA | E73: Country | F73: SOVEREIGN | G73: CROP | H73: Drought | I73: 11B | J73: 2024/2025 | K73: 1200000 | L73: 67611353 | M73: 80373878 | N73: 0.35079148 | O73: 4476985 | P73: 1455710 | Q73: 0.26803753 | R73: 1.43 | S73: 839160.84 | T73: 0 | U73: 0 | V73: 0 | W73: 1200000 | X73: 0 | Y73: 0 | Z73: 0 | AA73: 0 | AB73: 0 | AC73: 0 | AD73: 0
A74: 11_DR_SO_RANGE_SOV_DEYR | B74: SOMALIA DEYR RANGELAND | C74: ESA | D74: SOMALIA | E74: Country | F74: SOVEREIGN | G74: RANGELAND | H74: Drought | I74: 11B | J74: 2024/2025 | K74: 300000 | L74: 72676980 | M74: 245096958 | N74: 0.01058712 | O74: 1825431 | Q74: 0.16434475 | R74: 1.43 | S74: 209790.21 | T74: 0 | U74: 0 | V74: 0 | W74: 300000 | X74: 0 | Y74: 0 | Z74: 0 | AA74: 0 | AB74: 0 | AC74: 0 | AD74: 0
A75: 11_DR_SO_CROP_REP_START_DEYR | B75: SOMALIA DEYR CROP REPLICA START | C75: ESA | D75: SOMALIA | E75: START Network | F75: REPLICA | G75: CROP | H75: Drought | I75: 11B | J75: 2024/2025 | K75: 600000 | L75: 676111353 | M75: 84628058 | N75: 0.1753957 | O75: 2252556 | P75: 727854.88 | Q75: 0.26636408 | R75: 1.43 | S75: 419580.42 | T75: 0 | U75: 0 | V75: 0 | W75: 0 | X75: 0 | Y75: 600000 | Z75: 0 | AA75: 0 | AB75: 0 | AC75: 0 | AD75: 0
A76: 11_DR_SO_RANGE_REP_START_DEYR | B76: SOMALIA DEYR RANGELAND REPLICA START | C76: ESA | D76: SOMALIA | E76: START Network | F76: REPLICA | G76: RANGELAND | H76: Drought | I76: 11B | J76: 2024/2025 | K76: 400000 | L76: 72676980 | M76: 208991333 | N76: 0.01429824 | O76: 1949055 | Q76: 0.20522766 | R76: 1.43 | S76: 279720.28 | T76: 0 | U76: 0 | V76: 0 | W76: 0 | X76: 0 | Y76: 400000 | Z76: 0 | AA76: 0 | AB76: 0 | AC76: 0 | AD76: 0
A77: 11_DR_SO_RANGE_REP_WFP_DEYR | B77: SOMALIA DEYR RANGELAND REPLICA WFP | C77: ESA | D77: SOMALIA | E77: WFP | F77: REPLICA | G77: RANGELAND | H77: Drought | I77: 11B | J77: 2024/2025 | K77: 400000 | L77: 72676980 | M77: 232628624 | N77: 0.01411616 | O77: 2257903 | Q77: 0.17715553 | R77: 1.43 | S77: 279720.28 | T77: 0 | U77: 0 | V77: 0 | W77: 0 | X77: 0 | Y77: 0 | Z77: 400000 | AA77: 0 | AB77: 0 | AC77: 0 | AD77: 0
A78: 11_DR_ZW_CROP_REP_WFP_Z4 | B78: ZIMBABWE Z4 CROP REPLICA WFP | C78: ESA | D78: ZIMBABWE | E78: WFP | F78: REPLICA | G78: CROP | H78: Drought | I78: 11B | J78: 2024/2025 | K78: 385000 | L78: 31623200 | M78: 60814720 | N78: 0.09621 | O78: 2808516 | Q78: 0.19227236 | R78: 1.43 | S78: 377622.38 | T78: 0 | U78: 380000 | V78: 0 | W78: 0 | X78: 0 | Y78: 0 | Z78: 5000 | AA78: 0 | AB78: 0 | AC78: 0 | AD78: 0
A79: 11_DR_ZW_CROP_REP_WFP_Z5 | B79: ZIMBABWE Z5 CROP REPLICA WFP | C79: ESA | D79: ZIMBABWE | E79: WFP | F79: REPLICA | G79: CROP | H79: Drought | I79: 11B | J79: 2024/2025 | K79: 385000 | L79: 13019160 | M79: 27184842 | N79: 0.2346 | O79: 3323269 | Q79: 0.13841793 | R79: 1.43 | S79: 321678.32 | T79: 0 | U79: 380000 | V79: 0 | W79: 0 | X79: 0 | Y79: 0 | Z79: 5000 | AA79: 0 | AB79: 0 | AC79: 0 | AD79: 0
A80: 11_DR_ZW_CROP_REP_START_Z1&Z2 | B80: ZIMBABWE Z1&Z2 CROP REPLICA START | C80: ESA | D80: ZIMBABWE | E80: START Network | F80: REPLICA | G80: CROP | H80: Drought | I80: 11B | J80: 2024/2025 | K80: 532229 | L80: 9116800 | M80: 32272761 | N80: 0.1189025 | O80: 2753302 | Q80: 0.19330571 | R80: 1.43 | S80: 372188.11 | T80: 0 | U80: 0 | V80: 0 | W80: 0 | X80: 0 | Y80: 532229 | Z80: 0 | AA80: 0 | AB80: 0 | AC80: 0 | AD80: 0
A81: 11_DR_ZW_CROP_REP_START_Z3 | B81: ZIMBABWE Z3 CROP REPLICA START | C81: ESA | D81: ZIMBABWE | E81: START Network | F81: REPLICA | G81: CROP | H81: Drought | I81: 11B | J81: 2024/2025 | K81: 399172 | L81: 17417640 | M81: 33734417 | N81: 0.1265554 | O81: 2064976 | Q81: 0.19330588 | R81: 1.43 | S81: 279141.26 | T81: 0 | U81: 0 | V81: 0 | W81: 0 | X81: 0 | Y81: 399172 | Z81: 0 | AA81: 0 | AB81: 0 | AC81: 0 | AD81: 0
A82: 11_DR_ZW_CROP_REP_START_Z4 | B82: ZIMBABWE Z4 CROP REPLICA START | C82: ESA | D82: ZIMBABWE | E82: START Network | F82: REPLICA | G82: CROP | H82: Drought | I82: 11B | J82: 2024/2025 | K82: 266114 | L82: 36349240 | M82: 66852951 | N82: 0.0451306 | O82: 1376651 | Q82: 0.19330535 | R82: 1.43 | S82: 186093.71 | T82: 0 | U82: 0 | V82: 0 | W82: 0 | X82: 0 | Y82: 266114 | Z82: 0 | AA82: 0 | AB82: 0 | AC82: 0 | AD82: 0
A83: 11_DR_ZW_CROP_REP_START_Z5 | B83: ZIMBABWE Z5 CROP REPLICA START | C83: ESA | D83: ZIMBABWE | E83: START Network | F83: REPLICA | G83: CROP | H83: Drought | I83: 11B | J83: 2024/2025 | K83: 133057 | L83: 14786460 | M83: 25418971 | N83: 0.0647378 | O83: 688325 | Q83: 0.19330549 | R83: 1.43 | S83: 93046.853 | T83: 0 | U83: 0 | V83: 0 | W83: 0 | X83: 0 | Y83: 133057 | Z83: 0 | AA83: 0 | AB83: 0 | AC83: 0 | AD83: 0
A84: 11_DR_MG_CROP_REP_WFP | B84: MADAGASCAR CROP WFP | C84: ESA | D84: MADAGASCAR | E84: WFP | F84: REPLICA | G84: CROP | H84: Drought | I84: 11B | J84: 2024/2025 | K84: 614617 | L84: 55850340 | M84: 88962923 | N84: 0.0906 | O84: 3000000 | Q84: 0.20487233 | R84: 1.43 | S84: 429802.1 | T84: 0 | U84: 0 | V84: 0 | W84: 0 | X84: 0 | Y84: 0 | Z84: 614617 | AA84: 0 | AB84: 0 | AC84: 0 | AD84: 0
A85: 11_DR_MG_CROP_SOV | B85: MADAGASCAR CROP | C85: ESA | D85: MADAGASCAR | E85: Country | F85: SOVEREIGN | G85: CROP | H85: Drought | I85: 11B | J85: 2024/2025 | K85: 797800 | L85: 42471672 | M85: 82794253 | N85: 0.0744 | O85: 3000000 | Q85: 0.26593333 | R85: 1.43 | S85: 557902.1 | T85: 250000 | U85: 297800 | V85: 250000 | W85: 0 | X85: 0 | Y85: 0 | Z85: 0 | AA85: 0 | AB85: 0 | AC85: 0 | AD85: 0
A86: 11_TC_MG_SOV | B86: MADAGASCAR TROPICAL CYCLONE | C86: ESA | D86: MADAGASCAR | E86: Country | F86: SOVEREIGN | G86: TROPICAL CYCLONE | H86: Tropical Cyclone | I86: 11B | J86: 2024/2025 | K86: 1547688 | L86: 169995289 | M86: 2266769483 | N86: 0.0031 | O86: 6500000 | Q86: 0.23810585 | R86: 1.65 | S86: 937992.73 | T86: 0 | U86: 0 | V86: 247688 | W86: 1300000 | X86: 0 | Y86: 0 | Z86: 0 | AA86: 0 | AB86: 0 | AC86: 0 | AD86: 0
A87: 11_TC_MG_REP_WFP | B87: MADAGASCAR TROPICAL CYCLONE REPLICA WFP | C87: ESA | D87: MADAGASCAR | E87: WFP | F87: REPLICA | G87: TROPICAL CYCLONE | H87: Tropical Cyclone | I87: 11B | J87: 2024/2025 | K87: 502117 | L87: 239274402 | M87: 2486980824 | N87: 0.00109 | O87: 2450000 | Q87: 0.20494571 | R87: 1.65 | S87: 304313.33 | T87: 0 | U87: 0 | V87: 0 | W87: 0 | X87: 0 | Y87: 0 | Z87: 502117 | AA87: 0 | AB87: 0 | AC87: 0 | AD87: 0
... A89: 11_DR_MW_CROP_REP_UNHCR | B89: MALAWI CROP REPLICA UNHCR | C89: ESA | D89: MALAWI | E89: UNHCR | F89: REPLICA | G89: CROP | H89: Drought | I89: 11B | J89: 2024/2025 | K89: 500000 | L89: 45765531 | M89: 122323818 | N89: 0.01895445 | O89: 1451120 | Q89: 0.34456144 | R89: 1.43 | S89: 349650.35 | T89: 0 | U89: 250000 | V89: 0 | W89: 0 | X89: 0 | Y89: 0 | Z89: 0 | AA89: 0 | AB89: 0 | AC89: 0 | AD89: 250000
A90: 11_DR_MZ_CROP_SOV_Z1 | B90: MOZAMBIQUE ZONE 1 CROP | C90: ESA | D90: MOZAMBIQUE | E90: Country | F90: SOVEREIGN | G90: CROP | H90: Drought | I90: 11B | J90: 2024/2025 | K90: 400000 | L90: 9099209 | M90: 14202983 | N90: 0.32969113 | O90: 1682669 | P90: 750295 | Q90: 0.23771758 | R90: 1.43 | S90: 279720.28 | T90: 0 | U90: 0 | V90: 500000 | W90: 0 | X90: 0 | Y90: 0 | Z90: 0 | AA90: 0 | AB90: 0 | AC90: 0 | AD90: 0
A91: 11_DR_MZ_CROP_SOV_Z2 | B91: MOZAMBIQUE ZONE 2 CROP | C91: ESA | D91: MOZAMBIQUE | E91: Country | F91: SOVEREIGN | G91: CROP | H91: Drought | I91: 11B | J91: 2024/2025 | K91: 100000 | L91: 15010720 | M91: 26221144 | N91: 0.043146 | O91: 483685 | Q91: 0.20674613 | R91: 1.43 | S91: 69930.07 | T91: 0 | U91: 0 | V91: 500000 | W91: 0 | X91: 0 | Y91: 0 | Z91: 0 | AA91: 0 | AB91: 0 | AC91: 0 | AD91: 0
A92: 11_DR_MZ_CROP_SOV_Z3 | B92: MOZAMBIQUE ZONE 3 CROP | C92: ESA | D92: MOZAMBIQUE | E92: Country | F92: SOVEREIGN | G92: CROP | H92: Drought | I92: 11B | J92: 2024/2025 | K92: 800000 | L92: 6659002 | M92: 22648448 | N92: 0.2345297 | O92: 3750000 | Q92: 0.21333333 | R92: 1.43 | S92: 559440.56 | T92: 0 | U92: 0 | V92: 500000 | W92: 0 | X92: 0 | Y92: 0 | Z92: 0 | AA92: 0 | AB92: 0 | AC92: 0 | AD92: 0
A93: 11_DR_MZ_CROP_SOV_Z4 | B93: MOZAMBIQUE ZONE 4 CROP | C93: ESA | D93: MOZAMBIQUE | E93: Country | F93: SOVEREIGN | G93: CROP | H93: Drought | I93: 11B | J93: 2024/2025 | K93: 700000 | L93: 20267169 | M93: 32761660 | N93: 0.218886 | O93: 2734869 | P93: 1135367 | Q93: 0.25595376 | R93: 1.43 | S93: 489510.49 | T93: 0 | U93: 0 | V93: 500000 | W93: 0 | X93: 0 | Y93: 0 | Z93: 0 | AA93: 0 | AB93: 0 | AC93: 0 | AD93: 0
A94: 11_TC_MZ_REP_WFP | B94: MOZAMBIQUE TROPICAL CYCLONE REPLICA WFP | C94: ESA | D94: MOZAMBIQUE | E94: WFP | F94: REPLICA | G94: TROPICAL CYCLONE | H94: Tropical Cyclone | I94: 11B | J94: 2024/2025 | K94: 350000 | L94: 161823775 | M94: 321804215 | N94: 0.0195377 | O94: 3125650 | P94: 3125650 | Q94: 0.11197671 | R94: 1.65 | S94: 212121.21 | T94: 0 | U94: 0 | V94: 0 | W94: 0 | X94: 0 | Y94: 0 | Z94: 350000 | AA94: 0 | AB94: 0 | AC94: 0 | AD94: 0
A95: 11_DR_MZ_CROP_REP_WFP_Z1 | B95: MOZAMBIQUE DROUGHT REPLICA WFP | C95: ESA | D95: MOZAMBIQUE | E95: WFP | F95: REPLICA | G95: CROP | H95: Drought | I95: 11B | J95: 2024/2025 | K95: 250000 | L95: 9923084 | M95: 13438699 | N95: 0.299142 | O95: 1051668 | P95: 434318 | Q95: 0.23771761 | R95: 1.43 | S95: 174825.17 | T95: 0 | U95: 0 | V95: 0 | W95: 0 | X95: 0 | Y95: 0 | Z95: 250000 | AA95: 0 | AB95: 0 | AC95: 0 | AD95: 0
A96: 11_DR_ZM_CROP_REP_WFP | B96: ZAMBIA DROUGHT REPLICA WFP | C96: ESA | D96: ZAMBIA | E96: WFP | F96: REPLICA | G96: CROP | H96: Drought | I96: 11B | J96: 2024/2025 | K96: 400000 | L96: 35856664 | M96: 125212622 | N96: 2.75277 | O96: 2459764 | Q96: 0.16261723 | R96: 1.43 | S96: 279720.28 | T96: 0 | U96: 0 | V96: 0 | W96: 0 | X96: 0 | Y96: 0 | Z96: 400000 | AA96: 0 | AB96: 0 | AC96: 0 | AD96: 0
A97: 11_DR_ZM_CROP_REP_UNHCR | B97: ZAMBIA DROUGHT REPLICA UNHCR | C97: ESA | D97: ZAMBIA | E97: UNHCR | F97: REPLICA | G97: CROP | H97: Drought | I97: 11B | J97: 2024/2025 | K97: 500000 | L97: 27414200 | M97: 40874629 | N97: 0.7 | O97: 9422300 | Q97: 0.04245248 | R97: 1.43 | S97: 279720.28 | T97: 0 | U97: 500000 | V97: 0 | W97: 0 | X97: 0 | Y97: 0 | Z97: 0 | AA97: 0 | AB97: 0 | AC97: 0 | AD97: 0
A98: 11_TC_KM_SOV | B98: COMOROS TROPICAL CYCLONE | C98: ESA | D98: COMOROS | E98: Country | F98: SOVEREIGN | G98: TROPICAL CYCLONE | H98: Tropical Cyclone | I98: 11B | J98: 2024/2025 | K98: 400000 | L98: 27414200 | M98: 40874629 | N98: 0.7 | O98: 9422300 | Q98: 0.04245248 | R98: 1.65 | S98: 242424.24 | T98: 0 | U98: 0 | V98: 0 | W98: 400000 | X98: 0 | Y98: 0 | Z98: 0 | AA98: 0 | AB98: 0 | AC98: 0 | AD98: 0
A99: 11_DR_ZW_CROP_REP_UNHCR_Z5 | B99: ZIMBABWE Z5 CROP REPLICA UNHCR | C99: ESA | D99: ZIMBABWE | E99: UNHCR | F99: REPLICA | G99: CROP | H99: Drought | I99: 11B | J99: 2024/2025 | K99: 500000 | L99: 14786460 | M99: 28995035 | N99: 0.2132615 | O99: 3030142 | Q99: 0.16500877 | R99: 1.43 | S99: 349650.35 | T99: 0 | U99: 500000 | V99: 0 | W99: 0 | X99: 0 | Y99: 0 | Z99: 0 | AA99: 0 | AB99: 0 | AC99: 0 | AD99: 0
A100: 11_DR_ZW_CROP_SOV_Z1&Z2 | B100: ZIMBABWE Z1&Z2 CROP | C100: ESA | D100: ZIMBABWE | E100: Country | F100: SOVEREIGN | G100: CROP | H100: Drought | I100: 11B | J100: 2024/2025 | K100: 750000 | L100: 9116800 | M100: 29009310 | N100: 0.1807457 | O100: 3595486 | Q100: 0.20859489 | R100: 1.43 | S100: 524475.52 | T100: 162500 | U100: 87500 | V100: 0 | W100: 350000 | X100: 0 | Y100: 0 | Z100: 0 | AA100: 150000 | AB100: 0 | AC100: 0 | AD100: 0
A101: 11_DR_ZW_CROP_SOV_Z3 | B101: ZIMBABWE Z3 CROP | C101: ESA | D101: ZIMBABWE | E101: Country | F101: SOVEREIGN | G101: CROP | H101: Drought | I101: 11B | J101: 2024/2025 | K101: 600000 | L101: 17417640 | M101: 19669482 | N101: 0.82454 | O101: 1856733 | Q101: 0.32314824 | R101: 1.43 | S101: 419580.42 | T101: 162500 | U101: 87500 | V101: 0 | W101: 350000 | X101: 0 | Y101: 0 | Z101: 0 | AA101: 150000 | AB101: 0 | AC101: 0 | AD101: 0
...

Sheet Sheet1
A1: Pool | B1: Total Premium | C1: KFW Financed Premium | D1: %
A2: 12B | B2: =SUMIFS('SOV&REPLICA'!$K$2:$K$291,'SOV&REPLICA'!$I$2:$I$291,Sheet1!A2) -> 20476000 | C2: =SUMIFS('SOV&REPLICA'!$U$2:$U$291,'SOV&REPLICA'!$I$2:$I$291,Sheet1!A2) -> 0 | D2: =C2/B2 -> 0
A3: 11B | B3: =SUMIFS('SOV&REPLICA'!$K$2:$K$291,'SOV&REPLICA'!$I$2:$I$291,Sheet1!A3) -> 24086638 | C3: =SUMIFS('SOV&REPLICA'!$U$2:$U$291,'SOV&REPLICA'!$I$2:$I$291,Sheet1!A3) -> 3907800 | D3: =C3/B3 -> 0.16223933
A4: 10B | B4: =SUMIFS('SOV&REPLICA'!$K$2:$K$291,'SOV&REPLICA'!$I$2:$I$291,Sheet1!A4) -> 22361889 | C4: =SUMIFS('SOV&REPLICA'!$U$2:$U$291,'SOV&REPLICA'!$I$2:$I$291,Sheet1!A4) -> 5750000 | D4: =C4/B4 -> 0.25713391
A5: 9 | B5: =SUMIFS('SOV&REPLICA'!$K$2:$K$291,'SOV&REPLICA'!$I$2:$I$291,Sheet1!A5) -> 22143132 | C5: =SUMIFS('SOV&REPLICA'!$U$2:$U$291,'SOV&REPLICA'!$I$2:$I$291,Sheet1!A5) -> 1342818 | D5: =C5/B5 -> 0.060642641
A6: 8 | B6: =SUMIFS('SOV&REPLICA'!$K$2:$K$291,'SOV&REPLICA'!$I$2:$I$291,Sheet1!A6) -> 30359688 | C6: =SUMIFS('SOV&REPLICA'!$U$2:$U$291,'SOV&REPLICA'!$I$2:$I$291,Sheet1!A6) -> 10405221 | D6: =C6/B6 -> 0.34273149
A7: 7 | B7: =SUMIFS('SOV&REPLICA'!$K$2:$K$291,'SOV&REPLICA'!$I$2:$I$291,Sheet1!A7) -> 20728697 | C7: =SUMIFS('SOV&REPLICA'!$U$2:$U$291,'SOV&REPLICA'!$I$2:$I$291,Sheet1!A7) -> 12598952 | D7: =C7/B7 -> 0.60780241
A8: 6 | B8: =SUMIFS('SOV&REPLICA'!$K$2:$K$291,'SOV&REPLICA'!$I$2:$I$291,Sheet1!A8) -> 16049587 | C8: =SUMIFS('SOV&REPLICA'!$U$2:$U$291,'SOV&REPLICA'!$I$2:$I$291,Sheet1!A8) -> 7233637 | D8: =C8/B8 -> 0.45070549
A9: 5 | B9: =SUMIFS('SOV&REPLICA'!$K$2:$K$291,'SOV&REPLICA'!$I$2:$I$291,Sheet1!A9) -> 4814683 | C9: =SUMIFS('SOV&REPLICA'!$U$2:$U$291,'SOV&REPLICA'!$I$2:$I$291,Sheet1!A9) -> 0 | D9: =C9/B9 -> 0
A10: 4 | B10: =SUMIFS('SOV&REPLICA'!$K$2:$K$291,'SOV&REPLICA'!$I$2:$I$291,Sheet1!A10) -> 8740902 | C10: =SUMIFS('SOV&REPLICA'!$U$2:$U$291,'SOV&REPLICA'!$I$2:$I$291,Sheet1!A10) -> 0 | D10: =C10/B10 -> 0
A11: 3 | B11: =SUMIFS('SOV&REPLICA'!$K$2:$K$291,'SOV&REPLICA'!$I$2:$I$291,Sheet1!A11) -> 11310491 | C11: =SUMIFS('SOV&REPLICA'!$U$2:$U$291,'SOV&REPLICA'!$I$2:$I$291,Sheet1!A11) -> 0 | D11: =C11/B11 -> 0
A12: 2 | B12: =SUMIFS('SOV&REPLICA'!$K$2:$K$291,'SOV&REPLICA'!$I$2:$I$291,Sheet1!A12) -> 24792269 | C12: =SUMIFS('SOV&REPLICA'!$U$2:$U$291,'SOV&REPLICA'!$I$2:$I$291,Sheet1!A12) -> 0 | D12: =C12/B12 -> 0
A13: 1 | B13: =SUMIFS('SOV&REPLICA'!$K$2:$K$291,'SOV&REPLICA'!$I$2:$I$291,Sheet1!A13) -> 17000000 | C13: =SUMIFS('SOV&REPLICA'!$U$2:$U$291,'SOV&REPLICA'!$I$2:$I$291,Sheet1!A13) -> 0 | D13: =C13/B13 -> 0

Sheet IIS
A1: Programme Name | B1: Start Date | C1: End date | D1: Pool | E1: Country | F1: Insurance Company | G1: Other Key Partners | H1: Reinsurance type | I1: Original Currency | J1: Exchange rate to USD | K1: ARC Gross Premium ($) | L1: ARC Net Premium | M1: Facultative Reinsurance Premium | N1: ARC Commission | O1: Other provider fees | P1: Total SI ($) | Q1: ARC SI ($) | R1: Total Payout ($) | S1: ARC's payout ($) | T1: Recovery from Fac ($) | U1: Comments
A2: L'Oreal | B2: 45078 | C2: 45199 | D2: 10 | E2: Burkina Faso | F2: Axa | G2: Axa1 | H2: Treaty | I2: XOF | J2: 597.69291 | K2: 15105 | L2: 15105 | M2: 0 | N2: 0 | O2: 0 | P2: 150793.16 | Q2: 150793.16 | R2: 5562 | S2: 5562 | T2: 0 | U2: Payout finalised
A3: WFP Rice_Cote D’ivoire | B3: 45108 | C3: 45291 | D3: 10 | E3: Cote D’ivoire | F3: Consortium | G3: Axa | H3: Treaty | I3: XOF | J3: 611.03 | K3: 13353.289 | L3: 13353.289 | M3: 0 | N3: 0 | O3: 0 | P3: 160883 | Q3: 160883 | R3: 6198.3169 | S3: 6198.3169 | T3: 0 | U3: Payout finalised
A4: Malawi Social Protection | B4: 45231 | C4: 45412 | D4: 10 | E4: Malawi | F4: ARC Ltd | G4: Descartes | H4: Treaty | I4: USD | J4: 1 | K4: 5127443.3 | L4: 1664609.8 | M4: 3457266.5 | O4: 5567 | P4: 9128383 | Q4: 2966724.5 | R4: 6610660 | S4: 2148464.5 | T4: 4462195.5 | U4: Payout finalised
A5: DRIVE_Somalia | B5: 45200 | C5: 45565 | D5: 10 | E5: Somalia | F5: Zep-Re | G5: ACRE Africa | H5: Treaty | I5: USD | J5: 1 | K5: 229889.56 | L5: 229889.56 | M5: 0 | N5: 0 | O5: 0 | P5: 1159876.1 | Q5: 1159876.1 | R5: 0 | U5: Payout finalised
A6: DRIVE_Ethiopia (Somali Region) | B6: 45200 | C6: 45565 | D6: 10 | E6: Ethiopia | F6: Zep-Re | G6: ACRE Africa | H6: Treaty | I6: USD | J6: 1 | K6: 28437.081 | L6: 28437.081 | M6: 0 | N6: 0 | O6: 0 | P6: 133558.68 | Q6: 133558.68 | R6: 1889.5711 | S6: 1889.5711 | U6: Payout finalised
A7: DRIVE_Ethiopia (excl Somali Region) | B7: 45200 | C7: 45565 | D7: 10 | E7: Ethiopia | F7: Zep-Re | G7: ACRE Africa | H7: Treaty | I7: USD | J7: 1 | K7: 46738.694 | L7: 46738.694 | M7: 0 | N7: 0 | O7: 0 | P7: 221537.37 | Q7: 221537.37 | U7: Payout finalised
A8: DRIVE_Kenya | B8: 45200 | C8: 45565 | D8: 10 | E8: Kenya | F8: Zep-Re | G8: ACRE Africa | H8: Treaty | I8: USD | J8: 1 | K8: 70323.012 | L8: 70323.012 | M8: 0 | N8: 0 | O8: 0 | P8: 317988.95 | Q8: 317988.95 | U8: Payout finalised
A9: DRIVE_Somalia_MAM24 | B9: 45383 | C9: 45746 | D9: 10 | E9: Somalia | F9: Zep-Re | G9: ACRE Africa | H9: Treaty | I9: USD | J9: 1 | K9: 3528.8667 | L9: 3528.8667 | M9: 0 | N9: 0 | O9: 0 | P9: 17831.67 | Q9: 17831.67 | U9: Payout finalised
A10: DRIVE_Ethiopia (Somali Region)_MAM24 | B10: 45352 | C10: 45716 | D10: 10 | E10: Ethiopia | F10: Zep-Re | G10: ACRE Africa | H10: Treaty | I10: USD | J10: 1 | K10: 68742.122 | L10: 68742.122 | M10: 0 | N10: 0 | O10: 0 | P10: 308126.12 | Q10: 308126.12 | R10: 15287 | S10: 15287 | U10: Payout finalised
A11: DRIVE_Ethiopia (excl Somali Region)_MAM24 | B11: 45352 | C11: 45716 | D11: 10 | E11: Ethiopia | F11: Zep-Re | G11: ACRE Africa | H11: Treaty | I11: USD | J11: 1 | K11: 85499.825 | L11: 85499.825 | M11: 0 | N11: 0 | O11: 0 | P11: 426602.15 | Q11: 426602.15 | U11: Payout finalised
A12: DRIVE_Kenya_MAM24 | B12: 45352 | C12: 45716 | D12: 10 | E12: Kenya | F12: Zep-Re | G12: ACRE Africa | H12: Treaty | I12: USD | J12: 1 | K12: 60582.624 | L12: 60582.624 | M12: 0 | N12: 0 | O12: 0 | P12: 278247.9 | Q12: 278247.9 | R12: 381 | S12: 381 | U12: Payout finalised
A13: OAF_Kenya | B13: 45323 | C13: 45657 | D13: 10 | E13: Kenya | F13: Mayfair Insurance | G13: Risk Shield | H13: Treaty | I13: USD | J13: 1 | K13: 27793.66 | L13: 27793.66 | M13: 0 | N13: 0 | O13: 0 | P13: 1400000 | Q13: 1400000 | R13: 46308.389 | S13: 46308.389 | T13: 0 | U13: Payout finalised
A14: Republic of Djibouti _Excess rainfall | B14: 45306 | C14: 45671 | D14: 10 | E14: Djibouti | F14: ARC Ltd | G14: Descartes | H14: Treaty | I14: USD | J14: 1 | K14: 250000 | L14: 9391.13 | M14: 240608.87 | N14: 0 | O14: 3108.87 | P14: 1487636 | Q14: 74381.798 | U14: Payout finalised
A15: Republic of Djibouti _Drought | B15: 45352 | C15: 45716 | D15: 10 | E15: Djibouti | F15: ARC Ltd | G15: Descartes | H15: Treaty | I15: USD | J15: 1 | K15: 150000 | L15: 4391.13 | M15: 145608.87 | N15: 0 | O15: 3108.87 | P15: 768315 | Q15: 38415.75 | U15: Waiting for final report
A16: WFP R4Madagascar (Rainy) | B16: 45247 | C16: 45412 | D16: 10 | E16: Madagascar | F16: Assurances Reasssurances Omnibranches (ARO) | G16: Pula | H16: ARC Ltd | I16: MGA | J16: 4574.51 | K16: 69532.992 | L16: 16703.137 | M16: 15867.98 | N16: 835.15685 | O16: 36126.717 | P16: 431420.48 | Q16: 215710.24 | R16: 35167.052 | S16: 17583.526 | T16: 17583.526 | U16: Payout finalised
A17: WFP R4Madagascar (Dry) | B17: 45383 | C17: 45626 | D17: 10 | E17: Madagascar | F17: Assurances Reasssurances Omnibranches (ARO) | G17: Pula | H17: ARC Ltd | I17: MGA | J17: 4574.51 | K17: 68693.024 | L17: 21511.528 | M17: 20435.951 | N17: 1075.5764 | O17: 25669.969 | P17: 431420.48 | Q17: 215710.24 | R17: 10104.657 | S17: 5052.3284 | T17: 5052.3284 | U17: Payout finalised
A18: L'Oreal | B18: 45444 | C18: 45565 | D18: 11 | E18: Burkina Faso | F18: Axa | G18: Axa | H18: Treaty | I18: XOF | J18: 597.69291 | K18: 7646.84 | L18: 7646.84 | M18: 0 | N18: 0 | O18: 0 | P18: 75396.578 | Q18: 75396.578 | R18: 0 | S18: 0 | T18: 0 | U18: Payout finalised
A19: WFP Rice_Cote D’ivoire | B19: 45474 | C19: 45657 | D19: 11 | E19: Cote D’ivoire | F19: Consortium | G19: Axa | H19: Treaty | I19: XOF | J19: 611.03 | K19: 61499.433 | L19: 61499.433 | M19: 0 | N19: 0 | O19: 0 | P19: 869566 | Q19: 869566 | R19: 89428.973 | S19: 89428.973 | T19: 0 | U19: Payout finalised/ outstanding payout
A20: BOAD_Excess Precipitation | B20: 45505 | C20: 45747 | D20: 11 | E20: West Africa | F20: ARC Ltd | G20: Munich Re | H20: ARC Ltd | I20: Euro | J20: 0.9 | K20: 2083333.3 | L20: 0 | M20: 1796875 | N20: 234375 | O20: 52083.333 | P20: 26393941 | Q20: 0 | R20: 6858948.2 | S20: 0 | T20: 6858948.2 | U20: IN Risk
A21: BOAD_Infectious_Disease | B21: 45505 | C21: 45747 | D21: 11 | E21: West Africa | F21: ARC Ltd | G21: Munich Re | H21: ARC Ltd | I21: Euro | J21: 0.9 | K21: 583333.33 | L21: 0 | M21: 517708.33 | N21: 65625 | P21: 13919727 | Q21: 0 | U21: IN Risk
A22: BOAD_Drought | B22: 45505 | C22: 45747 | D22: 11 | E22: West Africa | F22: ARC Ltd | G22: Munich Re | H22: ARC Ltd | I22: Euro | J22: 0.9 | K22: 1500000 | L22: 75000 | M22: 1256250 | N22: 168750 | P22: 21525348 | Q22: 1076267.4 | R22: 0 | S22: 0 | T22: 0 | U22: Payout finalised
A23: WFP Gambia | B23: 45464 | C23: 45596 | D23: 11 | E23: Gambia | F23: ARC Ltd | G23: CNAAS and Continental Re | H23: Fac Oblig | I23: USD | J23: 1 | K23: 93281 | L23: 27657.5 | M23: 26274.625 | N23: 3882.875 | O23: 35466 | P23: 523221.59 | Q23: 261610.8 | R23: 0 | S23: 0 | T23: 0 | U23: Payout finalised
A24: DRIVE_Somalia | B24: 45566 | C24: 45930 | D24: 11 | E24: Somalia | F24: Zep-Re | G24: ACRE Africa | H24: Treaty | I24: USD | J24: 1 | K24: 40469.49 | L24: 40469.49 | P24: 189997.65 | Q24: 189997.65 | R24: 12396.328 | S24: 12396.328 | U24: IN Risk
A25: DRIVE_Ethiopia (Somali Region) | B25: 45566 | C25: 45930 | D25: 11 | E25: Ethiopia | F25: Zep-Re | G25: ACRE Africa | H25: Treaty | I25: USD | J25: 1 | K25: 23044.028 | L25: 23044.028 | P25: 110788.61 | Q25: 110788.61 | R25: 2593.5414 | S25: 2593.5414 | U25: IN Risk
A26: DRIVE_Ethiopia (excl Somali Region) | B26: 45566 | C26: 45930 | D26: 11 | E26: Ethiopia | F26: Zep-Re | G26: ACRE Africa | H26: Treaty | I26: USD | J26: 1 | K26: 46573.35 | L26: 46573.35 | P26: 223910.4 | Q26: 223910.4 | U26: IN Risk
A27: DRIVE_Kenya | B27: 45566 | C27: 45930 | D27: 11 | E27: Kenya | F27: Zep-Re | G27: ACRE Africa | H27: Treaty | I27: USD | J27: 1 | K27: 138437.64 | L27: 138437.64 | P27: 667010.4 | Q27: 667010.4 | R27: 863.62693 | S27: 863.62693 | U27: IN Risk
A28: Malawi Social Protection | B28: 45597 | C28: 45777 | D28: 11 | E28: Malawi | F28: ARC Ltd | G28: Descartes | H28: Treaty | I28: USD | J28: 1 | K28: 5127443.3 | L28: 1664609.8 | M28: 3457266.5 | O28: 5567 | P28: 9740073 | Q28: 3165523.7 | R28: 356063 | S28: 115720.48 | T28: 240342.52 | U28: IN Risk
A29: One Acre Fund Malawi | B29: 45611 | C29: 45884 | D29: 11 | E29: Malawi | F29: BRITAM INS RETENTION | G29: Risk Shield | H29: Fac Oblig | I29: USD | J29: 1 | K29: 11807.145 | L29: 7797.4509 | M29: 4009.6937 | P29: 558326.05 | Q29: 368719.12 | U29: IN Risk
A30: WFP Malawi | B30: 45611 | C30: 45884 | D30: 11 | E30: Malawi | F30: BRITAM INS RETENTION | G30: Risk Shield | H30: Fac Oblig | I30: USD | J30: 1 | K30: 1557.2615 | L30: 1557.2615 | P30: 50592 | Q30: 50592 | U30: IN Risk
A31: OAF_Kenya | B31: 45689 | C31: 46022 | D31: 11 | E31: Kenya | F31: Mayfair Insurance | G31: Risk Shield | H31: Fac Oblig | I31: USD | J31: 1 | K31: 23475.898 | L31: 15503.508 | M31: 7972.39 | P31: 1208464.2 | Q31: 798071.08 | U31: IN Risk
A32: WFP R4Madagascar | B32: 45627 | C32: 45808 | D32: 11 | E32: Madagascar | F32: Assurances Reasssurances Omnibranches (ARO) | G32: ARC Ltd | H32: Fac Oblig | I32: MGA | J32: 4683.97 | K32: 144483.4 | L32: 109774.4 | N32: 34709 | P32: 1002374.8 | Q32: 1002374.8 | U32: IN Risk
A33: Flood Togo | B33: 45658 | C33: 46022 | D33: 11 | E33: Togo | F33: SUNU | G33: ARC Ltd | H33: Fac Oblig | I33: Euro | J33: 0.9 | K33: 153309.41 | L33: 100323.93 | M33: 40129.573 | N33: 12855.906 | P33: 445884.15 | Q33: 312118.9 | U33: Under review
A34: Republic of Djibouti _Excess rainfall | B34: 45672 | C34: 46036 | D34: 11 | E34: Djibouti | F34: ARC Ltd | G34: Descartes | H34: Treaty | I34: USD | J34: 1 | K34: 250000 | L34: 21891.13 | M34: 225000 | N34: 0 | O34: 3108.87 | P34: 1487636 | Q34: 148763.6 | U34: IN Risk
A35: Republic of Djibouti _Drought | B35: 45717 | C35: 46081 | D35: 11 | E35: Djibouti | F35: ARC Ltd | G35: Descartes | H35: Treaty | I35: USD | J35: 1 | K35: 150000 | L35: 11891.13 | M35: 135000 | N35: 0 | O35: 3108.87 | P35: 768315 | Q35: 76831.5 | U35: IN Risk
A36: CREST (potential) | B36: 45717 | C36: 46184 | D36: 11 | E36: Kenya | F36: ARC Ltd | G36: ARC Ltd | H36: Fac Oblig | I36: USD | J36: 1 | K36: 392852.69 | L36: 392852.69 | M36: 0 | P36: 2006960 | Q36: 2006960 | U36: Under review
